id,area_building,area_rtu,rtu_n,hp_list,hp
518f5e2b-c7b7-4101-b99c-0a0d223ccf29,11094,138,7,"['1.50', '1.50', '1.00', '1.00', '1.00', '1.00', '1.00']",8.0
383cfb00-63c2-40f3-a47a-11d38e5d72b3,108724,842,10,"['5.00', '5.00', '5.00', '7.50', '5.00', '5.00', '5.00', '7.50', '0.00', '5.00']",50.0
546fdad8-602f-4ac0-bc25-4ddf774df784,28511,385,10,"['0.00', '3.00', '3.00', '2.00', '3.00', '3.00', '3.00', '3.00', '3.00', '3.00']",26.0
1761c0a9-8777-467d-a4a8-32fbbb2ab08b,7849,110,4,"['2.40', '2.40', '2.40', '2.40']",9.6
32589c61-c1e9-4cb7-af6d-de8731ad0dc5,13333,66,2,"['1.00', '3.00']",4.0
d5ff32d8-b02f-4631-b5a1-12716d1e7b63,61339,504,7,"['5.00', '5.00', '5.00', '5.00', '5.00', '5.00', '0.00']",30.0
4617e0ba-27b9-45f6-a33b-e0b147cfb457,11747,187,3,"['1.00', '5.00', '5.00']",11.0
e386ac89-5721-4d16-aae9-52f0cc82fa93,8603,118,5,"['2.40', '2.40', '2.40', '2.40', '2.40']",12.0
21759fc9-e20c-4a28-877a-799d9891e26c,5314,63,3,"['2.40', '2.40', '2.40']",7.2
c3c4af27-8824-4323-8c10-0bc5c4009668,50145,591,7,"['0.00', '1.00', '1.50', '1.00', '20.00', '5.00', '0.00']",28.5
e7297a0c-1d23-49c6-ba75-87e3e452cef6,8658,118,5,"['2.40', '2.40', '2.40', '2.40', '2.40']",12.0
ad7335b6-119e-42a0-ad04-77caba37d820,6594,136,4,"['2.40', '2.40', '2.40', '2.40']",9.6
87734f30-3209-4cf2-bb07-0ab620c51dcd,6741,133,4,"['2.40', '2.40', '2.40', '2.40']",9.6
f4e39cc4-7e14-47d6-83c7-626077d793f6,7394,74,2,"['2.90', '2.90']",5.8
29478e97-962a-43d9-a5ce-1032ff76474c,60412,90,1,['5.00'],5.0
c6bc788e-65bd-4d54-9897-f332206449dd,6911,129,4,"['2.40', '2.40', '2.40', '2.40']",9.6
0bd5c4f1-0a7d-4dcf-96e6-ae4264f05f63,8059,128,4,"['2.90', '2.90', '2.90', '2.90']",11.6
d489f445-4ab3-424e-86cb-5f5d5c1072af,7767,156,5,"['2.40', '2.40', '2.40', '2.40', '2.40']",12.0
fc54957c-c5f9-4012-b17d-6382431afdae,23904,730,11,"['5.00', '1.50', '7.50', '7.50', '7.50', '0.00', '0.00', '1.00', '1.50', '1.50', '1.50']",34.5
9d611185-498e-41e4-beae-bac65f687ef3,8047,171,5,"['2.40', '2.40', '2.40', '2.40', '2.40']",12.0
b15293e9-1caa-4af1-a5a6-c60a0534b0fe,11642,112,3,"['3.70', '3.70', '3.70']",11.1
7ca8f2a7-97be-4d17-b557-b66803a9e59c,10631,210,3,"['1.00', '5.00', '5.00']",11.0
5f020a2a-2ce1-4c99-81e1-756c3fe24848,9648,160,7,"['2.40', '2.40', '1.00', '2.40', '2.40', '2.40', '2.40']",15.4
258030a3-ef54-454e-bc7f-fed001d58638,10408,191,6,"['2.90', '2.90', '2.90', '2.90', '2.90', '2.90']",17.4
cb74826d-b15c-486f-a840-ee8087a41edd,52617,169,3,"['3.00', '0.00', '0.00']",3.0
90e4cd8e-99e4-4ca8-946b-0094f5b2921c,40835,271,4,"['7.50', '5.00', '7.50', '0.00']",20.0
5a9d1677-081e-4872-9693-aef9c1f4a0a4,6803,93,4,"['2.40', '2.40', '2.40', '2.40']",9.6
a1219652-2ac8-4029-a299-7f2920000b80,46844,518,12,"['3.00', '2.00', '3.00', '3.00', '2.00', '1.00', '3.00', '3.00', '3.00', '3.00', '3.00', '3.00']",32.0
b12e485b-2921-43e5-aba7-753840415acf,16594,261,7,"['2.40', '2.40', '2.40', '2.40', '2.40', '2.40', '2.40']",16.8
df48af39-4b77-47b4-980a-d8c4f8c328f2,59043,175,5,"['5.00', '0.33', '5.00', '0.33', '1.00']",11.66
f2c654b0-73ec-48be-b403-2d579e21cb6a,6694,104,4,"['1.00', '2.40', '2.40', '2.40']",8.2
22dbd6df-1e7e-4e73-b9f0-d1a390d65750,7683,181,5,"['2.40', '2.40', '2.40', '2.40', '2.40']",12.0
2ad81568-206c-4638-b885-8cacb4cd43cb,7714,217,5,"['1.00', '2.40', '2.40', '2.40', '2.40']",10.6
10121a2b-865f-4ece-912a-ff181e8071bf,7915,141,4,"['2.40', '2.40', '2.40', '2.40']",9.6
05b52adb-d400-4d50-a909-bf02a8021a9f,7321,148,4,"['2.40', '2.40', '2.40', '2.40']",9.6
8d7d571c-b62b-4f21-bbbc-be1d760ff207,8067,169,5,"['2.40', '2.40', '2.40', '2.40', '2.40']",12.0
e5c44c5c-f212-4414-8294-b95e1d89dde3,46272,729,5,"['5.00', '7.50', '2.40', '0.00', '0.00']",14.9
6b29d158-b205-4dcf-b0cd-f9d7c27d916e,6851,138,5,"['2.40', '2.40', '2.40', '2.40', '2.40']",12.0
9c6b3e64-f5c5-404a-ab20-c1f2403e0795,8018,175,5,"['2.40', '2.40', '2.40', '2.40', '2.40']",12.0
6ef9ca50-459e-458c-8981-b24779b0c169,21537,257,3,"['15.00', '1.00', '2.00']",18.0
926094a1-a8e9-4b45-8a7f-c6255662e6f3,37199,293,11,"['3.70', '3.70', '3.70', '3.70', '3.70', '1.00', '1.00', '1.00', '2.00', '2.00', '1.00']",26.5
6481587a-7bd7-4597-8cbf-6584b5ab37da,5538,98,3,"['2.40', '2.40', '2.40']",7.2
51899501-2033-4d4f-a9a1-695740b68f07,6722,136,4,"['2.40', '2.40', '2.40', '0.33']",7.53
4e0a80de-2890-45e2-af90-7a13ad233db4,53137,299,6,"['3.00', '5.00', '3.70', '15.00', '0.00', '0.00']",26.7
b8a074a7-7f81-48ad-ab58-285cb6b2d665,15188,148,5,"['2.90', '3.00', '3.70', '3.00', '2.90']",15.5
9cbd4cfe-d8dd-4684-80d7-021196333031,8107,132,4,"['2.40', '2.40', '2.40', '2.40']",9.6
5162f172-91d3-413e-bc44-c07c9d1f38ca,13301,170,4,"['3.70', '3.70', '2.40', '2.40']",12.2
f8575c30-e4ad-486c-b972-f0a231406672,28688,349,5,"['3.00', '5.00', '0.00', '0.00', '0.00']",8.0
e9719999-c623-40ac-9435-43e864d47a7f,8944,93,4,"['2.90', '2.90', '2.90', '2.90']",11.6
f4ea6f53-a668-436b-ae9c-974ed868e7ec,100303,754,10,"['7.50', '7.50', '10.00', '10.00', '2.00', '7.50', '2.00', '10.00', '3.00', '7.50']",67.0
173af0eb-bfd4-4f19-ace4-de67963a4041,6748,130,4,"['2.40', '2.40', '2.40', '2.40']",9.6
51ddf9b0-0965-4182-9674-977abb34c465,8025,118,4,"['2.90', '2.90', '2.90', '2.90']",11.6
db05c114-f341-40b9-b485-3fc78b974ebf,16068,215,5,"['2.90', '2.90', '2.90', '2.90', '2.90']",14.5
26f6d588-5de9-483d-8c64-e4ec5191db45,6485,70,3,"['2.40', '2.40', '2.40']",7.2
78e93d24-2b02-40ae-853c-0628fdb81377,83834,637,8,"['3.00', '2.00', '5.00', '3.00', '5.00', '3.00', '5.00', '3.00']",29.0
5dae8e6d-e6de-44c3-977e-d08793242d93,19669,59,4,"['1.50', '1.50', '1.50', '1.50']",6.0
69b90243-4cf1-42e4-a53c-471c3feddc7d,7923,172,5,"['2.40', '2.40', '2.40', '2.40', '2.40']",12.0
c6f56921-9f70-42cf-a983-bcdddcc445a9,9564,138,5,"['3.70', '2.90', '2.90', '2.90', '2.90']",15.3
7a28b4c0-cdb6-4371-8762-8aeb6cb2625e,50020,754,10,"['5.00', '5.00', '5.00', '5.00', '5.00', '3.00', '5.00', '1.00', '5.00', '5.00']",44.0
73d5fd34-aed6-412f-a5d7-c0c7765148b6,7787,171,5,"['1.00', '2.40', '2.40', '2.40', '2.40']",10.6
c7203ba3-638b-48f9-8bf9-6c0d9eb877a0,62811,447,8,"['7.50', '1.00', '1.50', '2.00', '3.00', '0.00', '0.00', '0.00']",15.0
bcbffed3-481c-4aa0-a12b-7e4b7e90948b,6465,69,2,"['2.40', '2.40']",4.8
ca44dec7-a643-4e14-8583-541a07bda97b,5500,72,3,"['2.90', '2.90', '2.90']",8.7
84750d81-1033-4542-9c96-154e2ec7db87,19557,292,7,"['2.00', '2.00', '2.00', '2.00', '2.00', '2.00', '2.00']",14.0
9ccbf5c9-3266-4387-b9b7-298ae24b4fe1,8275,160,5,"['2.90', '2.90', '2.90', '2.90', '2.90']",14.5
f0b4e6c0-f58d-4a30-a631-3e136648d2d4,16100,197,6,"['1.00', '1.00', '1.00', '1.00', '1.00', '1.00']",6.0
77d86dab-487a-40bb-af4f-6392bf342aa1,8037,188,5,"['2.40', '2.40', '2.40', '2.40', '2.40']",12.0
9b78bbe2-57a5-4058-a040-4de95580314d,13243,140,5,"['2.40', '2.40', '2.40', '2.40', '2.40']",12.0
0df2b4c8-460a-4e30-befc-ce7f86c01dab,6371,126,4,"['2.40', '2.40', '2.40', '1.00']",8.2
52024d6a-7ac8-46c4-a15a-566a1a37fa3b,19137,194,5,"['2.00', '2.00', '2.00', '2.00', '2.00']",10.0
e37ee82a-79d2-470c-bdb5-3339fe521dd3,7572,168,5,"['2.90', '2.90', '2.90', '2.90', '2.90']",14.5
814b7e13-2b12-4808-b41e-eb288db65077,37996,363,6,"['3.00', '5.00', '5.00', '5.00', '1.50', '0.00']",19.5
e94f0118-b0c0-45bd-96a9-9f023514a127,5971,102,4,"['2.40', '2.40', '2.40', '2.40']",9.6
1d51b6da-2010-49c9-b198-705768a1c887,38259,323,5,"['7.50', '5.00', '3.00', '7.50', '0.00']",23.0
6c2440a0-ac45-4e36-86ed-f4492d28f857,18247,91,1,['5.00'],5.0
c8de69d2-5671-4aaf-8189-8b2f6fe862fd,20650,92,1,['10.00'],10.0
9c2c6c19-3e79-4cb7-8660-b7f23aa9ae9e,50148,284,7,"['5.00', '0.00', '0.00', '0.00', '2.40', '2.00', '2.00']",11.4
426d4eaa-5d8f-4dc9-a553-e7b921e5195a,8799,119,5,"['2.90', '2.90', '2.90', '2.90', '2.90']",14.5
64c268ad-d793-4f7b-895e-2b6abcfcc455,5408,69,3,"['2.40', '2.40', '2.40']",7.2
fc813e65-cfce-42db-9449-2202e8dfcf8f,60020,404,7,"['5.00', '3.00', '0.50', '5.00', '2.00', '2.00', '7.50']",25.0
00ec8d7c-8f81-4068-9e44-4bd7caf791ef,7948,98,4,"['2.40', '2.40', '2.40', '2.40']",9.6
c870b77c-2ef6-41c2-a832-d34e0bd7feab,11764,166,4,"['3.00', '3.00', '0.00', '0.00']",6.0
0920a38d-5142-4be7-809d-941be63248c6,7608,107,4,"['2.90', '2.90', '2.90', '2.90']",11.6
c8000a80-cb11-4712-9165-650aed7b8cdf,8080,177,5,"['1.00', '2.40', '2.40', '2.40', '2.40']",10.6
513717e3-ac02-491c-b8a9-1cb936665947,31691,262,6,"['5.00', '3.00', '1.00', '1.00', '1.00', '5.00']",16.0
f1a37272-d261-48bf-895e-4ebcfe68ce70,52262,589,7,"['5.00', '5.00', '0.00', '0.00', '3.00', '0.00', '0.00']",13.0
671decb4-c326-4d2e-82bb-ae542975adcf,30457,562,7,"['3.00', '3.00', '3.00', '1.50', '3.00', '3.00', '3.00']",19.5
a4083bbc-8a7f-41cc-a39d-4347f476fca2,52859,497,6,"['5.00', '5.00', '5.00', '5.00', '2.00', '2.00']",24.0
cb32ca49-082c-40a6-aa3b-d1b3ec53915d,51448,231,7,"['5.00', '3.00', '0.00', '2.00', '1.00', '0.50', '0.00']",11.5
d129629d-af4a-4618-abe6-6df139950152,8102,135,4,"['2.40', '2.40', '2.40', '2.40']",9.6
481e34ab-5a4e-464a-9ee0-7aa9e86033df,6743,106,4,"['2.40', '2.40', '2.40', '2.40']",9.6
388933b5-64ab-4301-92b8-9ec8adf0bb03,7555,71,2,"['3.70', '3.70']",7.4
f10aa9d1-384d-4e8e-8c43-1470c3359d8b,6718,141,4,"['2.90', '2.90', '2.90', '2.40']",11.1
53f5a5ca-66f4-4198-85fd-db32a1d3ec55,7258,97,4,"['2.90', '2.90', '2.90', '2.90']",11.6
f9cdb64d-3ce4-4f86-ae92-3f8e0291f02a,24728,99,2,"['3.00', '3.00']",6.0
8076bae7-62c8-4720-89cf-8a935eeb356e,6945,93,2,"['5.00', '2.00']",7.0
345c3350-62d8-4efa-b86e-b9c406962cfd,10607,160,5,"['2.40', '2.40', '2.40', '2.40', '2.40']",12.0
a69cf376-bb55-42b7-bf50-bd64bdb96918,6972,127,4,"['2.40', '2.40', '2.40', '2.40']",9.6
e1356962-c1a9-460b-97bc-cb62195d7c69,50674,305,6,"['5.00', '1.00', '0.00', '3.00', '10.00', '0.00']",19.0
7486be03-07b9-4eab-af6b-62f63c9434f8,5594,107,3,"['2.40', '2.40', '2.40']",7.2
e5a130d1-be85-4ad7-a0d3-7f376e5defe1,8773,120,5,"['2.90', '2.90', '2.90', '2.90', '2.90']",14.5
7595e34d-70f5-46d3-bf59-50fe7094e2a4,12252,176,5,"['2.00', '2.00', '2.00', '2.00', '1.00']",9.0
51975eb0-e908-4505-9f94-1e3e1ee88688,7962,96,4,"['2.40', '2.40', '2.40', '2.40']",9.6
41cd5e03-6251-4378-b378-5403b9e07f60,49714,661,7,"['5.00', '5.00', '1.00', '20.00', '5.00', '2.00', '0.00']",38.0
95a9098c-f50f-43c2-85fa-939f8cd5fc06,8123,173,5,"['2.40', '2.40', '2.40', '2.40', '2.40']",12.0
fbe3bf40-2c29-47fa-a4cf-198fc82db368,8123,169,5,"['2.40', '2.40', '2.40', '2.40', '2.40']",12.0
0868f086-5477-42d9-a973-b55db7f6958c,5226,73,3,"['2.40', '2.40', '2.40']",7.2
6fda26fb-b157-4123-b1d2-077555223863,16156,224,7,"['2.40', '2.40', '2.40', '0.00', '0.00', '0.00', '0.00']",7.2
921ca4f1-be86-4cb8-ade8-2b3cd51fe992,6964,130,4,"['2.40', '2.40', '2.40', '2.40']",9.6
11ab7b7e-f1a3-44f4-8b2e-0585ec9c43db,7305,72,2,"['3.70', '2.40']",6.1
f164e359-6820-4799-b91a-75191d60655b,7088,92,4,"['2.40', '2.40', '2.40', '2.40']",9.6
d3b4fee6-cd8b-4a8e-bf94-0eeed037605c,5931,77,2,"['2.90', '2.90']",5.8
63fb5703-ada1-4e49-a669-b86c2fb4efff,27961,290,4,"['3.00', '5.00', '7.50', '0.00']",15.5
f3425e4b-1a78-46db-8558-dadba7fe890d,6735,127,4,"['3.00', '3.00', '3.00', '3.00']",12.0
251e1bff-a4a3-4646-93e8-7c69f995ece4,6446,116,3,"['5.00', '3.00', '1.00']",9.0
4976bbb0-e092-489c-afc8-7d248cea32a6,8443,98,4,"['2.90', '2.90', '2.90', '2.90']",11.6
843fe3bf-5806-4222-9710-2c8c9192cc6a,51973,447,13,"['3.00', '0.00', '1.00', '3.00', '3.00', '3.00', '3.00', '3.00', '1.00', '0.00', '0.00', '0.00', '0.00']",20.0
fce9c0b3-31fe-4f8c-a554-e66ea8e41051,8004,171,5,"['2.40', '2.40', '2.40', '2.40', '2.40']",12.0
821fc055-7491-45a2-9cb8-a1bd59d5119d,17308,251,9,"['2.40', '2.40', '2.40', '2.40', '2.40', '2.40', '2.40', '2.40', '2.40']",21.6
a11dbe72-b0f3-4481-a8b4-f7fb982e6cbb,7312,71,2,"['5.00', '0.00']",5.0
9fdefd9f-8fe4-436b-b66f-622fdbbf39d3,21944,246,4,"['5.00', '2.00', '5.00', '5.00']",17.0
90a50c68-267e-4ecd-8805-8a0c6822891a,5685,56,4,"['2.40', '2.40', '2.40', '2.40']",9.6
cdae385a-5e18-4449-9bae-79b818396e5e,8679,120,5,"['2.40', '2.90', '2.40', '2.40', '2.40']",12.5
878b26a8-c877-4e0c-9df2-bd698c16d53a,8578,145,5,"['2.40', '2.40', '2.40', '2.40', '2.40']",12.0
48277650-570b-4078-9d05-48d962fb0a33,7085,106,4,"['2.40', '2.40', '2.40', '2.40']",9.6
f76c1f2a-49a8-4941-baa0-99cfb8282868,52883,322,5,"['10.00', '0.50', '10.00', '2.00', '7.50']",30.0
22158c00-1bbe-468d-aef4-75cdbda2c257,8819,109,4,"['2.90', '2.90', '2.90', '2.90']",11.6
55061404-8e83-46fe-a52e-fde959fd8872,48765,231,5,"['3.70', '2.00', '15.00', '2.00', '0.00']",22.7
f7801758-9653-4a73-95dc-229f019442db,5591,75,3,"['1.50', '1.50', '1.50']",4.5
8534575e-41d0-4be8-ae85-8fac774c30b0,47978,270,5,"['5.00', '0.50', '0.50', '0.50', '0.50']",7.0
8bcccc22-29c7-4a4e-807a-319fd2bf7b81,8811,92,1,['5.00'],5.0
4c67d841-4299-47c5-ba43-8a7e5ed811a5,7390,97,4,"['2.40', '2.40', '2.40', '2.40']",9.6
34e60c5a-ca56-4b79-8c7e-c9d6df28ab50,6690,143,4,"['2.40', '2.40', '2.40', '2.40']",9.6
98b63a5c-6c7b-44e7-9803-a12d6efcfc42,12380,203,6,"['2.40', '2.40', '2.40', '2.40', '3.70', '3.70']",17.0
b2c2f230-ada9-435e-a63b-adbc1ea66c5a,7294,99,4,"['2.90', '2.90', '2.90', '2.90']",11.6
71dcdf8e-4a43-407f-b045-391abe643d50,48041,572,9,"['3.00', '0.00', '2.00', '0.33', '0.33', '0.00', '0.00', '0.00', '0.00']",5.66
ec94f9a9-677b-4674-8e2d-b23ef4b461de,7683,133,5,"['2.90', '2.90', '2.90', '2.90', '2.90']",14.5
c74d9493-eb28-4c4b-a916-ea9cbaf33f05,3970,94,1,['7.50'],7.5
16254aab-aa6c-4956-a339-8c577626f10a,33870,171,2,"['5.00', '5.00']",10.0
32c6f75c-54b3-45a6-81b3-f7fea2934891,8870,127,5,"['2.40', '2.40', '2.40', '2.40', '2.40']",12.0
605a9809-cd2f-4b8e-a580-1567199455be,62671,135,4,"['1.50', '1.00', '3.00', '3.00']",8.5
c52f4843-a802-40a6-b94d-611961459dab,14709,289,8,"['1.00', '2.00', '2.00', '2.00', '2.00', '2.00', '2.00', '2.00']",15.0
dd9569d9-a605-430b-8ac3-bef2b9a90c62,39372,400,8,"['2.40', '2.40', '10.00', '0.00', '0.00', '0.00', '0.00', '0.00']",14.8
73a6e82e-d7b2-4418-9785-ad228ec1dfb9,8120,69,2,"['2.90', '3.70']",6.6
52434ac4-5b0d-40a7-a824-8703783783ab,69764,1926,16,"['1.00', '7.50', '5.00', '1.00', '7.50', '0.00', '0.00', '5.00', '0.00', '2.00', '5.00', '2.00', '2.00', '5.00', '0.00', '5.00']",48.0
015893bc-7c7c-4dc1-afc1-8b19cb772061,16137,284,7,"['3.00', '3.00', '3.00', '0.00', '0.00', '0.00', '0.00']",9.0
f6d342f1-de55-405d-95ad-066d61b4cc0b,8572,142,5,"['2.90', '2.90', '2.90', '2.90', '2.90']",14.5
8c0802a3-6f2b-43e0-94b0-bfdbae2ac76a,12481,179,5,"['2.00', '2.00', '2.00', '2.00', '2.00']",10.0
673c46d1-2ba6-4193-830f-3c9f83e862f2,16649,195,5,"['0.00', '3.00', '3.00', '3.00', '3.00']",12.0
977fe5c2-d6b1-417a-a57d-4d7503aae4ba,7769,184,5,"['2.40', '2.40', '2.40', '2.40', '0.30']",9.9
99e466b2-e4f7-4f2a-9ef9-52fa1cc72640,6929,86,4,"['2.40', '2.40', '2.40', '2.40']",9.6
dadb0f77-f0df-460a-870f-16acf76d64ac,14142,237,8,"['2.00', '2.90', '2.90', '2.40', '2.40', '2.40', '2.40', '2.40']",19.8
a4d4aa18-01ad-4c6c-b2a1-52dfc17825ae,42822,101,3,"['5.00', '0.30', '0.30']",5.6
6d6e0cfc-c9b2-485f-bb8e-f9aa75a7a5eb,38337,283,5,"['5.00', '0.00', '0.00', '0.00', '0.00']",5.0
40fa409d-a223-4ee2-a8e4-57bd7c07789d,8055,117,4,"['2.40', '2.40', '2.40', '0.00']",7.2
bf21bf75-e153-4ca7-aba8-f4cbb7cb1a48,6830,144,4,"['2.40', '2.40', '2.40', '2.40']",9.6
b5ef1fc3-1a7b-44a5-9065-68f7972f61ec,15212,183,3,"['3.00', '3.00', '3.80']",9.8
ae5d22e9-3bd0-4d00-bbe2-0d645cde43f6,96927,902,9,"['7.50', '5.00', '5.00', '7.50', '5.00', '0.00', '5.00', '5.00', '5.00']",45.0
011fff16-362b-4213-9efd-efd2d84cb570,8628,131,5,"['2.40', '2.00', '2.00', '2.90', '2.40']",11.7
eb71a2ba-8e78-4d99-ac80-dbdb17e5d708,7644,155,5,"['2.40', '2.40', '2.40', '2.40', '2.40']",12.0
9bfdef48-06db-43de-893f-4d3f09e1f469,7762,171,5,"['1.00', '2.40', '2.40', '2.40', '2.40']",10.6
c217fabc-b57e-4146-bff5-1000c90389c1,15595,255,8,"['1.00', '1.00', '1.00', '1.00', '1.00', '1.00', '1.00', '1.00']",8.0
92847028-d2ee-4991-9149-af06fe8b4828,7046,142,4,"['2.40', '2.40', '2.40', '2.40']",9.6
21ee857f-550a-4e01-92b7-2ee1f7b98a29,8198,146,4,"['2.40', '2.40', '2.40', '2.40']",9.6
5b3c8b0c-d43e-4204-bb72-d3e40e01f5fb,8144,101,4,"['2.90', '2.90', '2.90', '2.90']",11.6
8390675c-f007-4a64-8419-8dac66b41db3,8361,98,4,"['2.40', '2.40', '2.40', '2.40']",9.6
e092f518-ee79-4243-9d97-2c7a2698707a,39989,328,4,"['3.00', '10.00', '2.00', '2.00']",17.0
a2ce930b-4504-4dd4-9307-b9f61ad18a1c,6767,140,4,"['2.40', '2.40', '2.40', '2.40']",9.6
77511f16-15cf-42e6-b72e-ae890f5ee76f,6571,126,4,"['2.40', '2.40', '2.40', '2.40']",9.6
bc0ff412-68b7-4f6d-9e72-badad8310c11,34193,278,4,"['7.50', '3.00', '7.50', '2.00']",20.0
4d71dd72-8c15-47bb-824b-5f4ce855f36a,8662,201,5,"['2.90', '2.90', '2.90', '2.90', '2.90']",14.5
fce27ab0-7bc9-4f27-bad3-b9d93234d7ad,6741,105,4,"['2.40', '2.40', '2.40', '2.40']",9.6
95f6270d-f640-409e-9ff0-3a055fa1f90f,12249,153,5,"['2.40', '2.40', '2.40', '2.40', '2.40']",12.0
8d79e38e-fde3-4a8e-b8e4-a81bc220a4ff,7715,179,5,"['2.40', '2.40', '2.40', '2.40', '2.40']",12.0
90cb99ce-6521-4c99-96e3-38ad486e5ee8,7237,158,4,"['2.90', '2.90', '2.90', '2.90']",11.6
9955bd0c-4c71-45c6-abad-bc0bf2af1a57,13465,150,3,"['5.00', '3.00', '0.00']",8.0
fa6cc01e-d6f0-44b4-9e1b-768d29c1d606,7920,168,5,"['2.40', '2.40', '2.40', '2.40', '2.40']",12.0
b6a64dda-bb8c-4766-aaa6-d515dcf8154d,41833,183,3,"['5.00', '5.00', '5.00']",15.0
dccea32d-c85c-4540-a6d1-95101ed6e70b,54253,565,7,"['2.40', '15.00', '1.00', '1.00', '0.00', '0.00', '0.00']",19.4
cbeaaac3-f6d3-4927-9b4b-2dc2e8ccbbe6,5601,90,3,"['2.40', '2.40', '2.40']",7.2
80eab585-285b-4557-bbfe-ea5515633e94,7869,119,5,"['2.40', '2.40', '2.40', '2.40', '2.40']",12.0
542f4ab7-5d71-4428-ab11-027eae41c9de,8089,166,5,"['2.40', '2.40', '2.40', '2.40', '2.40']",12.0
995a6b7c-73a4-483d-965f-9d9b3082f1b8,6982,130,4,"['2.40', '2.40', '2.40', '2.40']",9.6
7ecc4f7f-839a-4d49-a95f-3eec69d0b4a3,26981,365,6,"['1.50', '3.00', '5.00', '5.00', '5.00', '3.00']",22.5
02aef735-0d10-4417-aab9-c9cb703dc63c,8012,168,5,"['2.40', '2.40', '2.40', '2.40', '2.40']",12.0
811ff936-6290-4afd-960d-54c52294420f,7433,103,4,"['2.40', '2.40', '2.40', '2.40']",9.6
90eced37-6410-458e-b6e7-746f1a086815,6554,104,4,"['2.40', '2.40', '2.40', '1.00']",8.2
ddb79ea2-7867-4ac5-8eed-da5f4922211b,10493,187,6,"['1.50', '1.50', '1.50', '1.50', '1.00', '1.00']",8.0
f05fbbc8-b109-45b1-bfbd-caf0882a1066,45486,292,8,"['2.90', '2.90', '2.90', '2.90', '2.90', '2.90', '2.90', '2.90']",23.2
88996335-e2cc-4535-be59-921baceb7e97,32915,240,4,"['3.00', '3.00', '5.00', '5.00']",16.0
2552b4da-3263-4526-9d23-0bcc22fd7ba1,6829,131,4,"['2.40', '2.40', '2.40', '2.40']",9.6
50fb1db5-1b4a-4bd3-a5ea-d0c8dab6cc86,8112,124,5,"['1.50', '2.40', '2.40', '2.40', '2.40']",11.1
e93a0774-6e15-4c85-8a48-279063c5b471,27326,178,2,"['20.00', '2.90']",22.9
9645f48c-422e-4336-9a1f-f9dccd66a47e,45549,189,5,"['7.50', '0.33', '0.33', '0.50', '0.00']",8.66
d9986549-e7c3-426f-b3fc-719a278ea11d,6600,131,4,"['2.40', '2.40', '2.40', '2.40']",9.6
2769b1b3-e498-42ca-8600-b1653e998ab6,7941,80,2,"['3.70', '3.70']",7.4
c3042177-3434-4aec-bfc8-7875f6e4ef68,6343,97,3,"['2.40', '2.90', '2.40']",7.7
e35a160d-43c4-43f0-a957-008f5058fbb6,1246,36,1,['3.70'],3.7
322e1f66-7991-4693-9d78-f9dfa9e68f75,7908,90,4,"['2.90', '2.90', '2.90', '2.90']",11.6
1b98236b-c5fd-4696-9e05-ed61fe59a187,6311,81,4,"['2.40', '2.40', '2.40', '2.90']",10.1
fbb3b5cf-8c71-46d6-9d68-ef18b286a271,5526,42,1,['5.00'],5.0
c35d9bc8-511d-48f8-a12b-f1971c1647ea,44891,386,3,"['10.00', '0.00', '0.00']",10.0
7cb87740-4778-4bc3-b1f6-3f427b7853c5,69418,337,7,"['5.00', '0.00', '0.00', '15.00', '0.00', '0.00', '0.00']",20.0
9c5a1e91-5160-4836-9747-f1ea011f0b1e,6919,133,4,"['2.40', '2.40', '2.40', '2.40']",9.6
9bb6ea76-82b2-4ac8-8e5c-ae7e8540c0e4,73264,563,7,"['5.00', '5.00', '5.00', '3.00', '5.00', '7.50', '5.00']",35.5
612bb68a-927a-4e53-9fa2-323c6ede4622,7248,89,4,"['2.40', '2.40', '2.40', '2.40']",9.6
70efbd51-da96-443d-b0de-b5f9ebcf368b,44227,227,3,"['5.00', '7.50', '3.00']",15.5
ac27d2af-7e3c-416e-8a22-6b7d2de42c8b,23015,255,4,"['0.00', '7.50', '5.00', '5.00']",17.5
d0e0ae0f-efd1-47a6-b38b-170373189594,7803,140,4,"['2.40', '2.40', '2.40', '2.40']",9.6
cc2da9c5-1856-4eff-9b44-405ce7cdd538,7756,176,5,"['1.00', '2.40', '2.40', '2.40', '2.40']",10.6
ad5379a9-5304-4c20-894d-44487fa560eb,7402,122,5,"['2.40', '2.40', '2.40', '2.40', '2.40']",12.0
8e1bd5f4-f4a0-42a6-9ab3-0b35b866c6b1,7302,110,4,"['2.40', '2.40', '2.40', '2.40']",9.6
d00458d1-2efa-4587-82ea-9d9a341b6fc4,54587,187,5,"['2.00', '7.50', '0.33', '0.00', '0.00']",9.83
840ce469-f8d9-4261-abda-596ff8432934,30039,744,11,"['7.50', '7.50', '7.50', '0.75', '0.75', '0.00', '0.00', '0.00', '0.00', '0.00', '0.00']",24.0
34e479ef-0873-40f8-a452-76c6a65ce0e9,8736,124,5,"['2.40', '2.40', '2.40', '2.40', '2.40']",12.0
0f6a8183-e47b-4134-8d98-4ecb1d23f065,6311,83,2,"['2.40', '2.40']",4.8
d981f59d-9d99-4844-a78e-5ef9db9129b1,7797,155,5,"['2.40', '2.40', '2.40', '2.40', '3.00']",12.6
1fa45888-9753-4b25-bb64-07215431a5ba,23614,146,4,"['5.00', '5.00', '5.00', '5.00']",20.0
99651c2a-0f10-4b3f-8446-6c7c405476f3,5503,78,3,"['2.90', '2.90', '2.90']",8.7
c186ac6e-cb5d-4cf1-ba0b-e989f833f4ce,10509,150,4,"['2.40', '2.40', '2.40', '2.40']",9.6
3b837a36-1103-4aaa-904b-c9979db06823,27907,147,6,"['3.00', '2.00', '2.00', '2.90', '2.40', '2.40']",14.7
670bd4c9-9edf-4af9-850e-faac56db6157,45955,366,7,"['5.00', '3.00', '5.00', '5.00', '2.00', '2.00', '2.00']",24.0
d571f01e-b46d-458f-a257-424916073fc5,51989,563,6,"['1.00', '0.00', '7.50', '1.00', '40.00', '1.00']",50.5
7b407d88-d51b-4451-8df6-a31165b12dcb,45888,93,4,"['5.00', '0.33', '0.30', '0.30']",5.93
d1fcddf6-2c57-40d7-8233-3d3cc43f1e3d,41916,421,8,"['7.50', '3.00', '0.00', '0.00', '0.00', '0.00', '0.00', '0.00']",10.5
67726fc6-066c-40c8-a1b5-7a67d7a1d3e0,8445,183,5,"['2.40', '2.40', '2.40', '2.40', '2.40']",12.0
e09d27e7-06d4-4abe-a9ef-8b4c175358fe,10341,115,4,"['2.90', '2.90', '2.90', '2.90']",11.6
a627dd4f-044f-48d7-ac7a-36009aa45836,5312,72,3,"['2.40', '2.40', '2.40']",7.2
182b40f5-8324-4cc1-bcdd-f658102e39ec,7652,167,5,"['2.40', '2.40', '2.40', '2.40', '2.40']",12.0
e971e3c0-33d4-46f7-8f4d-81e24d0df650,7952,104,3,"['2.40', '2.90', '3.70']",9.0
2e78c411-5b64-48a3-912c-e61f912d46a6,7454,99,4,"['2.40', '2.40', '2.40', '1.50']",8.7
ad8084f8-3697-4fe6-bf36-b8ffc86f7636,50861,633,7,"['1.50', '5.00', '1.00', '2.40', '15.00', '5.00', '1.50']",31.4
95fdb5e3-a086-4cb2-a5fd-ecdf71f8f17c,7041,129,4,"['2.40', '2.40', '2.40', '2.40']",9.6
06181689-6a10-4668-8fdc-361ebc35054c,7334,99,4,"['2.90', '2.90', '2.90', '2.90']",11.6
3df70c06-d94a-4f75-80aa-542a59cd79ac,7457,150,5,"['2.40', '2.40', '2.40', '2.40', '2.40']",12.0
1eff2687-71af-4530-b148-37a235acb0d8,8624,92,4,"['2.40', '2.40', '2.40', '2.40']",9.6
3f27c18d-406d-4729-ad9e-8da4085d0dee,63002,396,7,"['3.00', '0.00', '7.50', '2.00', '3.00', '7.50', '0.75']",23.75
306363ee-dc91-44f8-82fa-c3304123407d,8620,117,5,"['2.40', '2.40', '2.40', '2.40', '2.40']",12.0
c8bf39b9-f1b0-48be-8a1e-ae2f21e69634,26192,322,9,"['5.00', '5.00', '5.00', '5.00', '5.00', '5.00', '5.00', '5.00', '5.00']",45.0
085deedf-fb7f-4bfd-b1bd-a7c23a720c73,83772,797,11,"['2.00', '2.00', '7.50', '5.00', '7.50', '5.00', '2.00', '2.00', '2.00', '7.50', '3.00']",45.5
d9f2c537-60e6-438d-9ee9-e36603fbf675,8113,117,4,"['2.40', '2.40', '2.40', '2.40']",9.6
914ba6f0-eb47-43f7-9aaf-e4ec6a9e0cd0,42347,375,6,"['3.00', '0.00', '10.00', '5.00', '2.00', '0.75']",20.75
a047dc53-fb68-48a2-8d7c-b0779f13142f,46115,236,5,"['3.00', '1.50', '2.00', '0.00', '0.00']",6.5
d6971bce-33b2-43b2-a7e7-80bb3df4392d,6964,104,4,"['2.40', '2.40', '2.40', '2.40']",9.6
ae24142a-871e-44f1-b16b-58ad632226d0,7319,104,4,"['2.40', '2.40', '2.40', '2.40']",9.6
c65e46bd-e845-402b-88dc-49ad1e27ef84,5488,70,3,"['2.40', '2.40', '2.40']",7.2
6fb2b89b-5ec2-432d-ad58-1351f7918c2c,40665,199,5,"['3.70', '3.70', '3.70', '2.40', '0.00']",13.5
8242aa28-ad36-4b0d-8562-f1defb725f02,52032,761,10,"['1.00', '5.00', '3.00', '5.00', '5.00', '5.00', '3.00', '5.00', '5.00', '5.00']",42.0
ac21ba7d-3edb-4d05-981c-3116aac18175,15621,463,8,"['5.00', '5.00', '2.00', '1.50', '2.00', '2.00', '1.50', '2.00']",21.0
14511bb5-d2c5-45f3-9287-276e87dd85bd,7768,162,5,"['2.40', '2.40', '2.40', '2.40', '2.40']",12.0
6ab18a12-23c8-4c57-80d0-09af0e379123,8163,128,4,"['2.40', '2.40', '2.40', '2.40']",9.6
548315a9-074d-47f7-bc83-c8aeb0ad0337,47087,449,6,"['5.00', '0.00', '0.00', '0.00', '0.00', '0.00']",5.0
d83de3f1-e215-48f3-83ad-237850e6461c,34135,374,5,"['1.50', '3.00', '5.00', '5.00', '5.00']",19.5
11064e20-1568-4aa5-9ac8-74b60e91453d,7446,85,4,"['2.40', '2.40', '2.40', '2.90']",10.1
ef61268a-6cb8-4a66-a955-7eeaa228470e,6508,133,4,"['2.40', '2.40', '2.40', '2.40']",9.6
4268b88e-0192-4e44-b8ed-b70c950eaf5b,44031,441,8,"['2.00', '3.00', '3.00', '3.00', '3.00', '1.00', '3.00', '1.00']",19.0
35b05b3d-40f0-4ca2-bff4-cedfc35e61f6,25064,171,3,"['1.00', '10.00', '2.00']",13.0
e469cdff-1616-4295-a34a-8c6a9a191b2b,7281,85,4,"['2.90', '2.90', '2.90', '2.90']",11.6
84c0eb13-6be3-4cfe-ba4a-21e6bb232eef,31432,74,1,['10.00'],10.0
9055e864-f3f0-4e23-a9b2-8277e4612dc6,7879,141,5,"['1.50', '2.40', '2.40', '2.40', '2.40']",11.1
2294bae4-12c9-40f8-a1d8-ec5088684241,8873,157,5,"['2.40', '2.40', '2.40', '2.40', '2.40']",12.0
6eb73545-f79c-498d-9c47-5fbefc67f75f,16957,277,8,"['2.90', '2.40', '2.40', '2.40', '2.40', '2.40', '2.40', '2.40']",19.7
dc24633e-698a-49ef-b0d3-8040772323da,9107,187,5,"['2.40', '2.40', '2.40', '2.40', '2.40']",12.0
3c74ac0d-9793-4735-874e-ad8a555e18f7,46223,90,1,['7.50'],7.5
262f69cb-0669-4fa6-ba94-e81de437e7fb,49809,269,4,"['0.00', '3.00', '1.50', '1.50']",6.0
0922a994-4b02-4774-9367-94eef95e1372,46717,412,5,"['5.00', '5.00', '3.00', '5.00', '5.00']",23.0
534a7f14-2a31-4072-97b7-e52266917192,6769,142,4,"['2.40', '2.40', '2.40', '2.40']",9.6
18681fef-8fcf-4cd2-954a-0cb535af9a80,4981,117,2,"['5.00', '5.00']",10.0
327f9bf0-88f5-4eaa-9fb5-b2796875c7a5,6556,102,4,"['2.40', '2.40', '2.40', '2.40']",9.6
1b777737-66d0-4029-9c23-b8713749a431,51555,510,8,"['3.00', '3.00', '3.00', '3.00', '3.00', '1.00', '3.00', '0.00']",19.0
df971700-d3eb-4966-b378-7105bca4f0ca,55308,293,7,"['3.00', '2.40', '2.40', '1.00', '1.00', '5.00', '0.00']",14.8
31b9c5a0-0d33-45a1-a748-dd1538e9c6d9,7254,87,4,"['2.40', '2.40', '2.40', '2.40']",9.6
db14c395-4ea9-49f3-8549-4e639b32d2d5,6448,136,4,"['2.40', '2.40', '2.40', '2.40']",9.6
70d7f55b-d6d0-4ea3-9848-5a7ddb97aae1,16336,335,5,"['5.00', '5.00', '5.00', '5.00', '1.00']",21.0
de109e85-2b0f-4c82-81c3-647d376cab1d,7786,101,4,"['2.90', '2.90', '2.90', '2.90']",11.6
9d73c97c-569c-4009-9577-2b2e9de45373,42752,268,5,"['5.00', '3.00', '2.40', '2.00', '0.00']",12.4
6d7be60f-1deb-4a56-8133-c2cad7119517,10343,110,6,"['1.00', '1.00', '1.00', '1.00', '1.00', '1.00']",6.0
3d7d813f-3f5d-464b-917c-e57208d80516,151185,933,10,"['20.00', '0.00', '20.00', '20.00', '0.00', '20.00', '0.00', '3.00', '20.00', '0.33']",103.33
23bc55f3-81d2-4ab9-881e-698100705368,89246,668,10,"['7.50', '10.00', '10.00', '7.50', '10.00', '10.00', '0.00', '5.00', '10.00', '2.40']",72.4
e0433b0b-02c9-4801-a066-52a158163a02,5529,59,3,"['2.40', '2.40', '2.40']",7.2
fb42450e-4b54-41be-bfb9-9bf1ce784c6d,7800,161,5,"['2.40', '2.40', '2.40', '2.40', '2.40']",12.0
025db86f-d90b-499e-8dd1-216ee2bc3598,4975,95,3,"['2.40', '2.40', '2.40']",7.2
12e79542-87dd-43ad-933e-c1e9cab62163,5415,66,3,"['2.40', '2.40', '2.40']",7.2
4cb83be1-4cd1-4ec9-a7dc-6097930541d6,12173,150,4,"['2.90', '2.40', '3.70', '3.70']",12.7
693a8e95-daa3-4bd7-ae2d-9969bd90b0ab,53534,504,5,"['7.50', '0.30', '2.00', '1.00', '0.00']",10.8
0ac18a36-77bc-4411-b1ab-1339904b5799,48427,578,8,"['1.50', '0.00', '0.00', '5.00', '0.00', '7.50', '7.50', '7.50']",29.0
d708a81e-746e-4025-9311-c36ab5ae0e85,7051,136,4,"['2.40', '2.40', '2.40', '2.40']",9.6
565c980f-4d69-4955-aa82-23d0b3ffa2fb,30300,296,3,"['20.00', '0.00', '0.50']",20.5
1141960d-8701-44a5-9686-2317f62ff6a6,7852,100,4,"['2.90', '2.90', '2.90', '2.90']",11.6
d36b60c1-9d89-40dd-8108-509870595db7,7335,144,4,"['2.90', '2.90', '2.90', '2.90']",11.6
46b1666d-cd99-4f1b-85f0-d211c462d324,7994,99,4,"['2.40', '2.40', '2.40', '2.40']",9.6
56895fb0-3817-41d4-81cc-0e7ffe2a6b22,8015,88,4,"['2.40', '2.40', '2.40', '2.40']",9.6
cd3ff55e-b822-491e-b658-63aa897dec1b,8542,129,5,"['2.40', '2.40', '2.40', '2.40', '2.40']",12.0
3a09c248-d5d7-4b9a-a651-b35df985de97,54422,803,7,"['0.00', '2.00', '1.00', '1.50', '0.00', '5.00', '1.00']",10.5
b983de58-bc1b-4113-aedc-41fcca8e6caa,61056,278,3,"['10.00', '2.40', '10.00']",22.4
02a25ea3-a085-49dd-a784-1b06d07e30f4,6612,132,4,"['2.40', '2.40', '2.40', '2.40']",9.6
118f2273-12fa-4463-ae50-0387b8c281bc,10786,130,4,"['2.90', '2.90', '2.90', '2.90']",11.6
0508c4a0-cdf8-4d3f-9dd9-9de1a986e3e6,8015,190,5,"['0.33', '2.40', '2.40', '2.40', '2.40']",9.93
9afb035e-128b-4f3b-8b51-1f681ca72c31,53039,166,4,"['7.50', '5.00', '0.00', '0.00']",12.5
144e7a79-a888-4c83-ba25-76f88fb5607c,8196,39,1,['3.70'],3.7
9bc02415-604e-4cfd-89df-d9e3b99b61d7,41974,342,3,"['3.00', '1.50', '20.00']",24.5
d4f4bbd8-8b18-4665-9625-6a1402ab3caf,31401,339,8,"['3.00', '1.00', '1.00', '7.50', '7.50', '0.50', '0.00', '0.00']",20.5
3660ed4a-adb7-41bb-ab61-95d1f91ba9b5,11428,168,4,"['1.50', '1.50', '1.50', '0.00']",4.5
8ab50090-7d50-48a2-9905-f8e920c39f8c,18958,172,2,"['7.50', '7.50']",15.0
afad7182-5f41-4c1f-a333-37e2a3e6a2cc,5539,72,3,"['2.40', '2.40', '2.40']",7.2
237a4d21-b105-4d75-8d1a-1e40af759e19,8155,99,4,"['2.90', '2.90', '2.90', '2.90']",11.6
17a8998b-282f-4945-800e-e7f205ed2b23,8140,77,2,"['2.90', '2.90']",5.8
10e02629-578b-4b6c-844b-7fb79bc7268e,26508,242,5,"['3.00', '1.00', '7.50', '7.50', '2.40']",21.4
5091478c-e940-459c-9dcd-ef1530e86327,6471,137,4,"['2.40', '2.40', '2.40', '2.40']",9.6
43794a3b-e1f6-4044-91a2-e591b90a507e,49259,169,5,"['0.00', '2.00', '0.00', '0.00', '0.00']",2.0
c6c0b624-c710-4f1a-8aed-d6004e5bb35c,6848,126,4,"['2.40', '2.40', '2.40', '2.40']",9.6
8d8155c2-319a-41ba-8293-bc83599cb7bf,6405,147,4,"['2.40', '2.40', '2.40', '2.40']",9.6
fb29c947-ef09-41b5-9a96-3494f28777e4,50113,416,7,"['10.00', '7.50', '5.00', '1.50', '5.00', '1.00', '1.50']",31.5
81781c0f-21f0-4f9b-8656-38c5c2b8ada5,11012,171,4,"['3.00', '3.00', '3.00', '3.00']",12.0
a21ac000-6d96-4e53-9040-b4457ba5f70c,6342,104,4,"['2.90', '2.90', '2.90', '2.40']",11.1
aa7d458e-7cba-4c22-8ce0-fa675cd997ce,7190,153,5,"['2.40', '2.40', '2.40', '2.40', '2.40']",12.0
57feedd0-567e-40dc-9146-41cba2928947,6849,136,4,"['2.40', '2.40', '2.40', '2.40']",9.6
7a5d9c73-4ced-4541-a089-e209cf5df9b0,25799,396,5,"['3.00', '2.40', '1.00', '0.00', '0.00']",6.4
489f63a9-7130-4766-8610-913065a1fe31,6945,167,5,"['2.40', '2.40', '2.40', '2.40', '2.40']",12.0
72b930a3-140b-48cb-aea0-eb6ab6030c07,55109,880,7,"['1.00', '2.40', '15.00', '1.00', '2.00', '10.00', '0.00']",31.4
57c2df66-3f8e-4b44-a560-40923959d203,5568,83,3,"['2.40', '2.40', '2.40']",7.2
3555f983-9049-4ace-828b-ce14a9f19cb2,5470,67,3,"['2.40', '2.40', '2.40']",7.2
853e4c14-dec9-4ea7-89f8-5e42218837fa,7803,170,5,"['2.40', '2.40', '2.40', '2.40', '2.40']",12.0
2c23f54d-1991-4357-b18f-b0ea8dcdbeaf,7871,154,5,"['2.40', '0.33', '2.40', '2.40', '2.40']",9.93
d8cb372c-be7f-4a2b-aaf2-30a8f6af5c30,8070,184,5,"['2.40', '2.40', '2.40', '0.33', '2.40']",9.93
8e2421c5-42b1-4df4-9df7-969162acb948,5955,111,4,"['2.00', '2.00', '2.00', '2.00']",8.0
004d813b-b929-4987-939c-ccb492cbaf34,13274,182,4,"['0.00', '0.00', '2.00', '2.00']",4.0
cc5a3f8b-aab5-42da-b1c0-661c0f544648,45467,29,1,['2.00'],2.0
ccc9c227-4544-4c84-a873-7eac4cb9db35,6807,135,4,"['2.40', '2.40', '2.40', '2.40']",9.6
301e1bba-8afc-4d69-a8e9-153197161df9,6664,133,4,"['2.40', '2.40', '2.40', '2.40']",9.6
14b2a197-b981-4f58-a832-c1a74b1805f1,6930,86,4,"['2.90', '2.90', '2.90', '2.90']",11.6
905d9ac9-7b82-498a-a662-6913f0ddfabf,6803,139,4,"['2.40', '2.40', '2.40', '2.40']",9.6
9e51019d-afe4-4cbb-b761-ee1bcf2d1ecb,8730,156,5,"['2.40', '2.40', '2.40', '2.40', '2.40']",12.0
6022006a-8e8f-429b-b380-21505127f0a6,5540,80,3,"['2.40', '2.40', '2.40']",7.2
24d2c91e-5e10-4232-8ba8-00f491a19cb5,1447,35,1,['3.70'],3.7
77525ab0-c389-49bc-8cdb-34ecf32bf29f,8106,185,5,"['2.40', '2.40', '2.40', '2.40', '2.40']",12.0
b7b35db2-17e9-48bf-a4ac-a2ac533f5ca4,8565,137,5,"['2.90', '2.40', '2.90', '2.40', '2.40']",13.0
4410a0e4-c5d4-4812-a297-5992da520acc,8881,117,5,"['2.40', '2.40', '2.40', '2.40', '2.40']",12.0
44dd3eb9-86f1-4675-b5bf-dc5bfb7e711b,5899,90,4,"['2.40', '2.40', '2.40', '2.40']",9.6
bb28dd02-ed82-4f71-b9f7-2018078c0007,8472,118,5,"['2.40', '2.40', '2.40', '2.40', '2.40']",12.0
ed308afe-d36f-4cb7-9b58-b0aad9014951,30525,580,8,"['3.00', '3.00', '3.00', '3.00', '3.00', '3.00', '3.00', '3.00']",24.0
b8e81ad0-2463-42ce-a6e9-4e8b35a00455,4932,265,5,"['0.00', '5.00', '0.00', '0.00', '5.00']",10.0
84852b1d-02e7-4158-8c0f-2fddfd6a95da,24467,263,4,"['3.00', '7.50', '5.00', '0.00']",15.5
99bb4df9-adba-4776-a553-1d8e115864eb,48674,189,4,"['5.00', '5.00', '0.00', '0.00']",10.0
